,add_COBALT2tpp,add_FE2tpp,add_GLYC2Pabcpp,rep_CAt6pp,rep_CBPS,rep_PIuabcpp,rxn00801_c0
Model_1,FALSE,FALSE,FALSE,FALSE,TRUE,TRUE,TRUE
Model_2,FALSE,FALSE,FALSE,FALSE,TRUE,TRUE,TRUE
Model_3,FALSE,FALSE,FALSE,FALSE,TRUE,TRUE,TRUE
Model_4,FALSE,FALSE,FALSE,FALSE,TRUE,TRUE,TRUE
Model_5,FALSE,FALSE,FALSE,FALSE,TRUE,TRUE,TRUE
Model_6,FALSE,FALSE,FALSE,FALSE,TRUE,TRUE,TRUE
Model_7,FALSE,FALSE,FALSE,FALSE,TRUE,TRUE,TRUE
Model_8,FALSE,FALSE,FALSE,FALSE,TRUE,TRUE,FALSE
Model_9,FALSE,FALSE,FALSE,FALSE,TRUE,TRUE,FALSE
Model_10,FALSE,FALSE,FALSE,FALSE,TRUE,TRUE,FALSE
Model_11,FALSE,FALSE,FALSE,FALSE,TRUE,FALSE,TRUE
Model_12,FALSE,FALSE,FALSE,FALSE,TRUE,TRUE,FALSE
Model_13,FALSE,FALSE,FALSE,FALSE,TRUE,TRUE,FALSE
Model_14,FALSE,FALSE,FALSE,FALSE,TRUE,TRUE,TRUE
Model_15,FALSE,FALSE,FALSE,FALSE,TRUE,FALSE,TRUE
Model_16,FALSE,FALSE,FALSE,FALSE,TRUE,TRUE,TRUE
Model_17,FALSE,FALSE,FALSE,FALSE,TRUE,FALSE,TRUE
Model_18,FALSE,FALSE,FALSE,FALSE,TRUE,FALSE,TRUE
Model_19,FALSE,FALSE,FALSE,FALSE,TRUE,TRUE,FALSE
Model_20,FALSE,FALSE,FALSE,FALSE,TRUE,TRUE,FALSE
Model_21,FALSE,FALSE,TRUE,FALSE,TRUE,TRUE,FALSE
Model_22,FALSE,FALSE,FALSE,FALSE,TRUE,TRUE,FALSE
Model_23,FALSE,FALSE,TRUE,FALSE,TRUE,TRUE,FALSE
Model_24,FALSE,FALSE,FALSE,FALSE,TRUE,TRUE,FALSE
Model_25,FALSE,FALSE,TRUE,FALSE,TRUE,TRUE,FALSE
Model_26,FALSE,FALSE,FALSE,FALSE,TRUE,TRUE,FALSE
Model_27,FALSE,FALSE,FALSE,FALSE,TRUE,TRUE,TRUE
Model_28,FALSE,FALSE,FALSE,FALSE,FALSE,FALSE,TRUE
Model_29,FALSE,FALSE,FALSE,FALSE,TRUE,TRUE,TRUE
Model_30,FALSE,FALSE,FALSE,TRUE,TRUE,TRUE,TRUE
Model_31,FALSE,FALSE,FALSE,FALSE,TRUE,TRUE,TRUE
Model_32,TRUE,FALSE,FALSE,FALSE,TRUE,TRUE,TRUE
Model_33,FALSE,FALSE,FALSE,FALSE,TRUE,TRUE,FALSE
Model_34,FALSE,FALSE,FALSE,FALSE,TRUE,TRUE,FALSE
Model_35,FALSE,FALSE,FALSE,FALSE,TRUE,TRUE,TRUE
Model_36,FALSE,TRUE,FALSE,FALSE,FALSE,FALSE,TRUE
Model_37,FALSE,TRUE,FALSE,FALSE,TRUE,TRUE,TRUE
Model_38,FALSE,FALSE,FALSE,FALSE,TRUE,TRUE,TRUE
Model_39,FALSE,FALSE,FALSE,FALSE,TRUE,TRUE,TRUE
Model_40,FALSE,FALSE,FALSE,FALSE,TRUE,TRUE,TRUE
Model_41,FALSE,FALSE,FALSE,FALSE,TRUE,FALSE,TRUE
Model_42,FALSE,FALSE,FALSE,FALSE,TRUE,TRUE,TRUE
Model_43,FALSE,FALSE,FALSE,FALSE,TRUE,TRUE,TRUE
Model_44,FALSE,FALSE,FALSE,FALSE,TRUE,TRUE,TRUE
Model_45,FALSE,FALSE,FALSE,FALSE,TRUE,TRUE,TRUE
Model_46,FALSE,FALSE,FALSE,FALSE,TRUE,TRUE,TRUE
Model_47,FALSE,FALSE,FALSE,FALSE,TRUE,TRUE,TRUE
Model_48,FALSE,FALSE,FALSE,FALSE,TRUE,TRUE,TRUE
Model_49,FALSE,FALSE,FALSE,FALSE,FALSE,FALSE,TRUE
Model_50,FALSE,FALSE,TRUE,FALSE,TRUE,TRUE,TRUE
Model_51,FALSE,FALSE,FALSE,FALSE,TRUE,TRUE,TRUE
Model_52,FALSE,FALSE,FALSE,FALSE,TRUE,TRUE,TRUE
Model_53,FALSE,FALSE,FALSE,FALSE,TRUE,TRUE,TRUE
Model_54,FALSE,FALSE,FALSE,FALSE,TRUE,TRUE,TRUE
Model_55,FALSE,FALSE,FALSE,FALSE,TRUE,TRUE,TRUE
Model_56,FALSE,FALSE,FALSE,FALSE,TRUE,TRUE,TRUE
Model_57,FALSE,FALSE,FALSE,FALSE,TRUE,TRUE,TRUE
Model_58,FALSE,FALSE,FALSE,FALSE,TRUE,TRUE,TRUE
Model_59,TRUE,FALSE,FALSE,FALSE,TRUE,TRUE,TRUE
Model_60,FALSE,FALSE,FALSE,FALSE,TRUE,TRUE,TRUE
Model_61,FALSE,FALSE,FALSE,FALSE,TRUE,TRUE,TRUE
Model_62,FALSE,FALSE,FALSE,FALSE,TRUE,TRUE,TRUE
Model_63,FALSE,FALSE,FALSE,FALSE,TRUE,TRUE,TRUE
Model_64,FALSE,FALSE,FALSE,FALSE,TRUE,TRUE,TRUE
Model_65,FALSE,FALSE,FALSE,FALSE,TRUE,TRUE,TRUE
Model_66,FALSE,FALSE,FALSE,FALSE,TRUE,TRUE,TRUE
Model_67,FALSE,FALSE,TRUE,FALSE,TRUE,TRUE,TRUE
Model_68,FALSE,FALSE,FALSE,FALSE,FALSE,FALSE,TRUE
Model_69,FALSE,FALSE,FALSE,FALSE,TRUE,TRUE,TRUE
Model_70,FALSE,FALSE,FALSE,FALSE,TRUE,TRUE,TRUE
Model_71,FALSE,FALSE,FALSE,FALSE,TRUE,TRUE,TRUE
Model_72,FALSE,FALSE,FALSE,FALSE,TRUE,TRUE,TRUE
Model_73,FALSE,FALSE,FALSE,FALSE,TRUE,TRUE,TRUE
Model_74,FALSE,FALSE,FALSE,FALSE,TRUE,TRUE,TRUE
Model_75,FALSE,FALSE,FALSE,FALSE,TRUE,TRUE,TRUE
Model_76,FALSE,FALSE,FALSE,FALSE,TRUE,TRUE,TRUE
Model_77,FALSE,FALSE,FALSE,FALSE,TRUE,TRUE,TRUE
Model_78,FALSE,FALSE,FALSE,FALSE,TRUE,TRUE,TRUE
Model_79,FALSE,FALSE,FALSE,FALSE,TRUE,TRUE,TRUE
Model_80,FALSE,FALSE,FALSE,FALSE,TRUE,TRUE,TRUE
Model_81,FALSE,FALSE,FALSE,FALSE,TRUE,TRUE,TRUE
Model_82,FALSE,FALSE,FALSE,FALSE,TRUE,FALSE,TRUE
Model_83,FALSE,FALSE,FALSE,FALSE,TRUE,TRUE,TRUE
Model_84,FALSE,FALSE,FALSE,FALSE,TRUE,TRUE,TRUE
Model_85,FALSE,FALSE,FALSE,FALSE,TRUE,TRUE,TRUE
Model_86,FALSE,FALSE,FALSE,FALSE,TRUE,TRUE,TRUE
Model_87,FALSE,FALSE,FALSE,FALSE,TRUE,TRUE,TRUE
Model_88,FALSE,FALSE,TRUE,FALSE,TRUE,TRUE,TRUE
Model_89,FALSE,FALSE,FALSE,FALSE,TRUE,TRUE,TRUE
Model_90,FALSE,FALSE,FALSE,FALSE,TRUE,TRUE,TRUE
Model_91,TRUE,FALSE,FALSE,FALSE,TRUE,TRUE,TRUE
Model_92,FALSE,FALSE,FALSE,FALSE,TRUE,TRUE,TRUE
Model_93,FALSE,FALSE,FALSE,FALSE,TRUE,TRUE,TRUE
Model_94,FALSE,FALSE,FALSE,FALSE,TRUE,TRUE,TRUE
Model_95,FALSE,FALSE,FALSE,FALSE,TRUE,TRUE,TRUE
Model_96,FALSE,FALSE,FALSE,FALSE,TRUE,TRUE,TRUE
Model_97,FALSE,FALSE,FALSE,FALSE,TRUE,TRUE,TRUE
Model_98,FALSE,FALSE,FALSE,FALSE,TRUE,TRUE,TRUE
Model_99,FALSE,FALSE,FALSE,FALSE,TRUE,TRUE,TRUE
Model_100,FALSE,FALSE,FALSE,FALSE,TRUE,TRUE,TRUE
Model_101,FALSE,FALSE,FALSE,FALSE,TRUE,TRUE,TRUE
Model_102,FALSE,FALSE,FALSE,FALSE,TRUE,TRUE,TRUE
Model_103,FALSE,FALSE,FALSE,FALSE,FALSE,FALSE,TRUE
Model_104,FALSE,FALSE,FALSE,FALSE,FALSE,FALSE,TRUE
Model_105,FALSE,FALSE,FALSE,FALSE,TRUE,TRUE,TRUE
Model_106,FALSE,FALSE,FALSE,FALSE,TRUE,FALSE,TRUE
Model_107,FALSE,FALSE,FALSE,FALSE,TRUE,TRUE,TRUE
Model_108,FALSE,FALSE,FALSE,FALSE,TRUE,TRUE,TRUE
Model_109,FALSE,FALSE,FALSE,FALSE,TRUE,TRUE,TRUE
Model_110,FALSE,FALSE,FALSE,FALSE,TRUE,TRUE,TRUE
Model_111,FALSE,FALSE,FALSE,FALSE,TRUE,TRUE,TRUE
Model_112,FALSE,FALSE,FALSE,FALSE,TRUE,TRUE,TRUE
Model_113,FALSE,FALSE,FALSE,FALSE,TRUE,TRUE,TRUE
Model_114,FALSE,FALSE,FALSE,FALSE,TRUE,TRUE,TRUE
Model_115,FALSE,FALSE,FALSE,TRUE,TRUE,TRUE,TRUE
Model_116,FALSE,FALSE,FALSE,FALSE,TRUE,TRUE,TRUE
Model_117,FALSE,TRUE,FALSE,FALSE,TRUE,TRUE,TRUE
Model_118,FALSE,FALSE,FALSE,FALSE,TRUE,TRUE,TRUE
Model_119,FALSE,FALSE,FALSE,FALSE,TRUE,TRUE,TRUE
Model_120,FALSE,FALSE,FALSE,FALSE,TRUE,FALSE,TRUE
Model_121,FALSE,FALSE,FALSE,FALSE,TRUE,TRUE,TRUE
Model_122,FALSE,FALSE,FALSE,FALSE,TRUE,TRUE,TRUE
Model_123,FALSE,FALSE,FALSE,FALSE,TRUE,TRUE,TRUE
Model_124,FALSE,FALSE,FALSE,FALSE,TRUE,TRUE,TRUE
Model_125,FALSE,FALSE,FALSE,FALSE,TRUE,TRUE,TRUE
Model_126,FALSE,FALSE,FALSE,FALSE,TRUE,TRUE,TRUE
Model_127,FALSE,FALSE,FALSE,FALSE,TRUE,TRUE,TRUE
Model_128,FALSE,FALSE,FALSE,FALSE,TRUE,TRUE,TRUE
Model_129,FALSE,FALSE,TRUE,FALSE,TRUE,TRUE,TRUE
Model_130,FALSE,FALSE,FALSE,FALSE,TRUE,TRUE,TRUE
Model_131,FALSE,FALSE,FALSE,FALSE,TRUE,TRUE,TRUE
Model_132,FALSE,FALSE,FALSE,FALSE,TRUE,TRUE,TRUE
Model_133,FALSE,FALSE,FALSE,FALSE,TRUE,TRUE,TRUE
Model_134,FALSE,FALSE,FALSE,FALSE,TRUE,FALSE,TRUE
Model_135,FALSE,FALSE,FALSE,FALSE,TRUE,TRUE,TRUE
Model_136,FALSE,FALSE,FALSE,FALSE,TRUE,TRUE,TRUE
Model_137,FALSE,FALSE,FALSE,FALSE,TRUE,TRUE,TRUE
Model_138,FALSE,FALSE,FALSE,FALSE,TRUE,TRUE,TRUE
Model_139,FALSE,FALSE,FALSE,FALSE,TRUE,TRUE,TRUE
Model_140,FALSE,FALSE,FALSE,FALSE,TRUE,TRUE,TRUE
Model_141,FALSE,FALSE,FALSE,FALSE,TRUE,TRUE,TRUE
Model_142,FALSE,FALSE,FALSE,FALSE,TRUE,TRUE,TRUE
Model_143,FALSE,FALSE,FALSE,FALSE,TRUE,TRUE,TRUE
Model_144,FALSE,FALSE,FALSE,FALSE,TRUE,TRUE,TRUE
Model_145,FALSE,FALSE,FALSE,FALSE,TRUE,TRUE,TRUE
Model_146,FALSE,FALSE,FALSE,FALSE,TRUE,TRUE,TRUE
Model_147,FALSE,FALSE,FALSE,FALSE,TRUE,TRUE,TRUE
Model_148,FALSE,FALSE,FALSE,FALSE,TRUE,TRUE,TRUE
Model_149,FALSE,FALSE,FALSE,FALSE,TRUE,TRUE,TRUE
Model_150,FALSE,FALSE,TRUE,FALSE,TRUE,TRUE,FALSE
Model_151,FALSE,FALSE,FALSE,FALSE,FALSE,FALSE,TRUE
Model_152,FALSE,FALSE,FALSE,FALSE,TRUE,TRUE,TRUE
Model_153,FALSE,FALSE,FALSE,FALSE,TRUE,FALSE,FALSE
Model_154,FALSE,FALSE,FALSE,FALSE,TRUE,TRUE,TRUE
Model_155,FALSE,FALSE,FALSE,FALSE,TRUE,TRUE,TRUE
Model_156,FALSE,FALSE,FALSE,FALSE,TRUE,TRUE,TRUE
Model_157,FALSE,FALSE,FALSE,FALSE,TRUE,TRUE,FALSE
Model_158,FALSE,FALSE,FALSE,FALSE,FALSE,FALSE,TRUE
Model_159,FALSE,FALSE,FALSE,FALSE,TRUE,TRUE,TRUE
Model_160,FALSE,FALSE,FALSE,FALSE,FALSE,FALSE,TRUE
Model_161,FALSE,FALSE,FALSE,FALSE,TRUE,TRUE,TRUE
Model_162,FALSE,FALSE,FALSE,FALSE,TRUE,TRUE,FALSE
Model_163,FALSE,FALSE,FALSE,FALSE,TRUE,TRUE,TRUE
Model_164,FALSE,FALSE,FALSE,FALSE,FALSE,FALSE,TRUE
Model_165,FALSE,FALSE,TRUE,FALSE,TRUE,TRUE,FALSE
Model_166,FALSE,FALSE,FALSE,FALSE,TRUE,TRUE,TRUE
Model_167,FALSE,FALSE,FALSE,FALSE,TRUE,TRUE,TRUE
Model_168,FALSE,FALSE,FALSE,FALSE,TRUE,TRUE,TRUE
Model_169,FALSE,FALSE,FALSE,FALSE,TRUE,TRUE,TRUE
Model_170,FALSE,FALSE,FALSE,FALSE,TRUE,TRUE,TRUE
Model_171,FALSE,FALSE,TRUE,FALSE,TRUE,TRUE,TRUE
Model_172,FALSE,FALSE,FALSE,FALSE,TRUE,TRUE,TRUE
Model_173,FALSE,FALSE,FALSE,FALSE,TRUE,TRUE,TRUE
Model_174,FALSE,FALSE,FALSE,FALSE,TRUE,TRUE,TRUE
Model_175,FALSE,FALSE,FALSE,FALSE,TRUE,FALSE,TRUE
Model_176,FALSE,FALSE,FALSE,FALSE,TRUE,TRUE,TRUE
Model_177,FALSE,FALSE,FALSE,FALSE,TRUE,TRUE,TRUE
Model_178,FALSE,FALSE,TRUE,FALSE,TRUE,TRUE,FALSE
Model_179,FALSE,FALSE,FALSE,FALSE,TRUE,TRUE,TRUE
Model_180,FALSE,FALSE,FALSE,FALSE,FALSE,FALSE,TRUE
Model_181,FALSE,FALSE,FALSE,FALSE,TRUE,TRUE,TRUE
Model_182,FALSE,FALSE,FALSE,FALSE,TRUE,TRUE,TRUE
Model_183,FALSE,FALSE,FALSE,FALSE,TRUE,TRUE,TRUE
Model_184,FALSE,FALSE,FALSE,FALSE,TRUE,TRUE,FALSE
Model_185,FALSE,FALSE,FALSE,FALSE,TRUE,TRUE,TRUE
Model_186,FALSE,FALSE,FALSE,FALSE,TRUE,FALSE,TRUE
Model_187,FALSE,FALSE,FALSE,FALSE,TRUE,TRUE,TRUE
Model_188,FALSE,FALSE,FALSE,FALSE,TRUE,TRUE,TRUE
Model_189,FALSE,FALSE,FALSE,FALSE,TRUE,TRUE,TRUE
Model_190,FALSE,FALSE,FALSE,FALSE,TRUE,TRUE,TRUE
Model_191,FALSE,FALSE,FALSE,FALSE,TRUE,TRUE,TRUE
Model_192,FALSE,FALSE,FALSE,FALSE,TRUE,TRUE,FALSE
Model_193,FALSE,FALSE,FALSE,FALSE,TRUE,TRUE,FALSE
Model_194,FALSE,FALSE,FALSE,FALSE,TRUE,TRUE,FALSE
Model_195,FALSE,FALSE,FALSE,FALSE,TRUE,TRUE,FALSE
Model_196,FALSE,FALSE,FALSE,FALSE,TRUE,TRUE,FALSE
Model_197,FALSE,FALSE,FALSE,FALSE,TRUE,TRUE,FALSE
Model_198,FALSE,FALSE,TRUE,FALSE,TRUE,TRUE,FALSE
Model_199,FALSE,FALSE,FALSE,FALSE,TRUE,TRUE,FALSE
Model_200,FALSE,FALSE,FALSE,FALSE,TRUE,TRUE,FALSE
Model_201,FALSE,FALSE,TRUE,FALSE,TRUE,TRUE,FALSE
Model_202,FALSE,FALSE,FALSE,FALSE,TRUE,TRUE,FALSE
Model_203,FALSE,FALSE,FALSE,FALSE,TRUE,TRUE,FALSE
Model_204,FALSE,FALSE,FALSE,FALSE,TRUE,TRUE,FALSE
Model_205,FALSE,FALSE,TRUE,FALSE,TRUE,TRUE,FALSE
Model_206,FALSE,FALSE,FALSE,FALSE,TRUE,TRUE,TRUE
Model_207,FALSE,FALSE,FALSE,FALSE,TRUE,TRUE,TRUE
Model_208,FALSE,FALSE,FALSE,FALSE,TRUE,TRUE,FALSE
Model_209,FALSE,FALSE,FALSE,FALSE,TRUE,TRUE,FALSE
Model_210,FALSE,TRUE,FALSE,FALSE,TRUE,TRUE,TRUE
Model_211,FALSE,FALSE,FALSE,FALSE,TRUE,TRUE,TRUE
Model_212,FALSE,FALSE,FALSE,FALSE,TRUE,TRUE,TRUE
Model_213,FALSE,FALSE,FALSE,FALSE,TRUE,TRUE,TRUE
Model_214,FALSE,FALSE,FALSE,FALSE,FALSE,FALSE,TRUE
Model_215,FALSE,FALSE,FALSE,FALSE,TRUE,TRUE,TRUE
Model_216,FALSE,FALSE,FALSE,FALSE,TRUE,TRUE,TRUE
Model_217,FALSE,FALSE,FALSE,FALSE,TRUE,TRUE,TRUE
Model_218,FALSE,FALSE,FALSE,FALSE,TRUE,TRUE,TRUE
Model_219,FALSE,FALSE,FALSE,FALSE,TRUE,TRUE,TRUE
Model_220,FALSE,FALSE,FALSE,FALSE,FALSE,FALSE,TRUE
Model_221,FALSE,FALSE,FALSE,FALSE,FALSE,FALSE,TRUE
Model_222,FALSE,FALSE,FALSE,FALSE,FALSE,FALSE,TRUE
Model_223,FALSE,FALSE,FALSE,FALSE,FALSE,FALSE,TRUE
Model_224,FALSE,FALSE,FALSE,FALSE,TRUE,TRUE,TRUE
Model_225,FALSE,FALSE,FALSE,FALSE,TRUE,TRUE,TRUE
Model_226,FALSE,FALSE,FALSE,FALSE,TRUE,TRUE,TRUE
Model_227,FALSE,FALSE,FALSE,FALSE,TRUE,TRUE,TRUE
Model_228,FALSE,FALSE,FALSE,FALSE,TRUE,TRUE,TRUE
Model_229,FALSE,FALSE,FALSE,FALSE,TRUE,TRUE,TRUE
Model_230,FALSE,FALSE,FALSE,FALSE,TRUE,TRUE,TRUE
Model_231,FALSE,FALSE,FALSE,FALSE,TRUE,TRUE,TRUE
Model_232,FALSE,FALSE,FALSE,FALSE,TRUE,TRUE,TRUE
Model_233,FALSE,FALSE,FALSE,FALSE,TRUE,TRUE,TRUE
Model_234,FALSE,FALSE,FALSE,FALSE,TRUE,FALSE,TRUE
Model_235,FALSE,FALSE,FALSE,FALSE,TRUE,TRUE,TRUE
Model_236,FALSE,FALSE,FALSE,FALSE,TRUE,TRUE,TRUE
Model_237,FALSE,FALSE,FALSE,FALSE,TRUE,TRUE,TRUE
Model_238,FALSE,FALSE,FALSE,TRUE,TRUE,TRUE,TRUE
Model_239,FALSE,FALSE,FALSE,FALSE,TRUE,TRUE,TRUE
Model_240,FALSE,FALSE,FALSE,FALSE,TRUE,TRUE,TRUE
Model_241,FALSE,FALSE,FALSE,FALSE,TRUE,TRUE,TRUE
Model_242,FALSE,FALSE,FALSE,FALSE,TRUE,FALSE,TRUE
Model_243,FALSE,FALSE,FALSE,TRUE,TRUE,TRUE,TRUE
Model_244,FALSE,FALSE,FALSE,FALSE,TRUE,FALSE,TRUE
Model_245,FALSE,FALSE,FALSE,TRUE,TRUE,TRUE,TRUE
Model_246,FALSE,FALSE,FALSE,FALSE,TRUE,TRUE,TRUE
Model_247,FALSE,FALSE,FALSE,FALSE,TRUE,TRUE,TRUE
Model_248,FALSE,FALSE,FALSE,TRUE,TRUE,TRUE,TRUE
Model_249,FALSE,FALSE,FALSE,FALSE,TRUE,TRUE,TRUE
Model_250,FALSE,FALSE,FALSE,FALSE,TRUE,TRUE,TRUE
Model_251,FALSE,FALSE,FALSE,FALSE,TRUE,TRUE,TRUE
Model_252,FALSE,FALSE,FALSE,FALSE,TRUE,TRUE,TRUE
Model_253,FALSE,FALSE,FALSE,FALSE,TRUE,TRUE,TRUE
Model_254,FALSE,FALSE,FALSE,FALSE,TRUE,TRUE,TRUE
Model_255,FALSE,FALSE,FALSE,FALSE,TRUE,TRUE,TRUE
Model_256,FALSE,TRUE,FALSE,FALSE,TRUE,TRUE,TRUE
Model_257,FALSE,FALSE,FALSE,TRUE,TRUE,TRUE,TRUE
Model_258,FALSE,FALSE,FALSE,FALSE,TRUE,TRUE,TRUE
Model_259,FALSE,FALSE,FALSE,FALSE,TRUE,TRUE,TRUE
Model_260,FALSE,FALSE,FALSE,FALSE,TRUE,TRUE,TRUE
Model_261,FALSE,FALSE,FALSE,FALSE,TRUE,TRUE,TRUE
Model_262,FALSE,FALSE,FALSE,FALSE,TRUE,FALSE,TRUE
Model_263,FALSE,FALSE,FALSE,FALSE,TRUE,FALSE,TRUE
Model_264,FALSE,FALSE,FALSE,FALSE,TRUE,TRUE,TRUE
Model_265,FALSE,FALSE,FALSE,FALSE,TRUE,TRUE,TRUE
Model_266,FALSE,FALSE,FALSE,FALSE,TRUE,TRUE,TRUE
Model_267,TRUE,FALSE,FALSE,FALSE,TRUE,TRUE,TRUE
Model_268,FALSE,FALSE,FALSE,TRUE,TRUE,TRUE,TRUE
Model_269,FALSE,FALSE,FALSE,FALSE,TRUE,TRUE,TRUE
Model_270,FALSE,FALSE,FALSE,FALSE,TRUE,TRUE,TRUE
Model_271,FALSE,FALSE,FALSE,FALSE,TRUE,TRUE,TRUE
Model_272,FALSE,FALSE,FALSE,TRUE,TRUE,TRUE,TRUE
Model_273,FALSE,FALSE,FALSE,FALSE,TRUE,TRUE,TRUE
Model_274,FALSE,FALSE,FALSE,FALSE,TRUE,TRUE,TRUE
Model_275,FALSE,FALSE,FALSE,FALSE,TRUE,TRUE,TRUE
Model_276,FALSE,FALSE,FALSE,FALSE,TRUE,TRUE,TRUE
Model_277,FALSE,FALSE,FALSE,FALSE,TRUE,FALSE,TRUE
Model_278,FALSE,FALSE,FALSE,FALSE,TRUE,TRUE,TRUE
Model_279,FALSE,FALSE,FALSE,FALSE,TRUE,TRUE,TRUE
Model_280,TRUE,FALSE,FALSE,FALSE,TRUE,TRUE,TRUE
Model_281,FALSE,FALSE,FALSE,FALSE,TRUE,TRUE,TRUE
Model_282,FALSE,FALSE,FALSE,FALSE,TRUE,TRUE,TRUE
Model_283,FALSE,FALSE,FALSE,FALSE,TRUE,TRUE,TRUE
Model_284,FALSE,FALSE,FALSE,FALSE,TRUE,TRUE,TRUE
Model_285,FALSE,FALSE,FALSE,FALSE,TRUE,TRUE,TRUE
Model_286,FALSE,FALSE,FALSE,FALSE,TRUE,TRUE,TRUE
Model_287,FALSE,FALSE,FALSE,FALSE,TRUE,FALSE,TRUE
Model_288,FALSE,FALSE,FALSE,FALSE,TRUE,TRUE,TRUE
Model_289,FALSE,FALSE,FALSE,FALSE,TRUE,TRUE,TRUE
Model_290,FALSE,FALSE,FALSE,FALSE,TRUE,TRUE,TRUE
Model_291,FALSE,FALSE,FALSE,FALSE,TRUE,TRUE,TRUE
Model_292,FALSE,FALSE,FALSE,FALSE,TRUE,TRUE,TRUE
Model_293,FALSE,FALSE,FALSE,FALSE,TRUE,TRUE,TRUE
Model_294,FALSE,FALSE,FALSE,FALSE,TRUE,TRUE,TRUE
Model_295,FALSE,FALSE,FALSE,FALSE,TRUE,TRUE,TRUE
Model_296,FALSE,FALSE,FALSE,FALSE,TRUE,TRUE,TRUE
Model_297,FALSE,FALSE,FALSE,FALSE,TRUE,TRUE,TRUE
Model_298,FALSE,FALSE,FALSE,FALSE,TRUE,TRUE,TRUE
Model_299,FALSE,FALSE,FALSE,FALSE,TRUE,TRUE,TRUE
Model_300,FALSE,FALSE,FALSE,FALSE,TRUE,TRUE,TRUE
Model_301,FALSE,FALSE,FALSE,FALSE,FALSE,FALSE,TRUE
Model_302,FALSE,FALSE,FALSE,FALSE,TRUE,TRUE,TRUE
Model_303,FALSE,FALSE,FALSE,FALSE,TRUE,TRUE,TRUE
Model_304,FALSE,FALSE,FALSE,FALSE,TRUE,TRUE,TRUE
Model_305,FALSE,FALSE,FALSE,FALSE,TRUE,TRUE,TRUE
Model_306,FALSE,FALSE,FALSE,FALSE,TRUE,TRUE,TRUE
Model_307,FALSE,FALSE,FALSE,FALSE,TRUE,TRUE,TRUE
Model_308,FALSE,FALSE,FALSE,FALSE,TRUE,TRUE,TRUE
Model_309,FALSE,FALSE,FALSE,FALSE,TRUE,TRUE,TRUE
Model_310,FALSE,FALSE,FALSE,FALSE,TRUE,TRUE,TRUE
Model_311,FALSE,FALSE,FALSE,FALSE,TRUE,TRUE,TRUE
Model_312,FALSE,FALSE,TRUE,FALSE,TRUE,TRUE,TRUE
Model_313,FALSE,FALSE,TRUE,FALSE,TRUE,TRUE,TRUE
Model_314,FALSE,FALSE,FALSE,FALSE,TRUE,TRUE,TRUE
Model_315,FALSE,TRUE,FALSE,FALSE,TRUE,FALSE,TRUE
Model_316,FALSE,FALSE,FALSE,FALSE,TRUE,TRUE,TRUE
Model_317,FALSE,FALSE,FALSE,FALSE,TRUE,TRUE,TRUE
Model_318,FALSE,FALSE,FALSE,FALSE,TRUE,TRUE,TRUE
Model_319,FALSE,FALSE,FALSE,FALSE,TRUE,TRUE,TRUE
Model_320,FALSE,FALSE,FALSE,FALSE,TRUE,TRUE,TRUE
Model_321,FALSE,FALSE,FALSE,FALSE,TRUE,TRUE,TRUE
Model_322,FALSE,FALSE,FALSE,FALSE,TRUE,TRUE,TRUE
Model_323,FALSE,FALSE,FALSE,FALSE,TRUE,TRUE,TRUE
Model_324,FALSE,FALSE,FALSE,FALSE,TRUE,FALSE,TRUE
Model_325,FALSE,FALSE,FALSE,FALSE,TRUE,TRUE,TRUE
Model_326,FALSE,FALSE,FALSE,FALSE,TRUE,TRUE,TRUE
Model_327,FALSE,FALSE,FALSE,FALSE,TRUE,TRUE,TRUE
Model_328,FALSE,FALSE,FALSE,FALSE,FALSE,FALSE,TRUE
Model_329,FALSE,FALSE,FALSE,FALSE,TRUE,TRUE,TRUE
Model_330,FALSE,FALSE,FALSE,FALSE,TRUE,TRUE,TRUE
Model_331,FALSE,FALSE,FALSE,FALSE,TRUE,TRUE,TRUE
Model_332,FALSE,FALSE,FALSE,FALSE,FALSE,FALSE,TRUE
Model_333,FALSE,FALSE,FALSE,FALSE,TRUE,TRUE,TRUE
Model_334,FALSE,FALSE,FALSE,FALSE,TRUE,TRUE,TRUE
Model_335,FALSE,FALSE,FALSE,TRUE,TRUE,TRUE,TRUE
Model_336,FALSE,FALSE,FALSE,FALSE,TRUE,TRUE,TRUE
Model_337,FALSE,FALSE,FALSE,FALSE,TRUE,TRUE,TRUE
Model_338,FALSE,TRUE,FALSE,FALSE,TRUE,TRUE,TRUE
Model_339,FALSE,FALSE,FALSE,FALSE,TRUE,TRUE,TRUE
Model_340,FALSE,FALSE,FALSE,FALSE,TRUE,TRUE,TRUE
Model_341,FALSE,FALSE,FALSE,FALSE,TRUE,TRUE,TRUE
Model_342,FALSE,FALSE,FALSE,FALSE,TRUE,TRUE,TRUE
Model_343,FALSE,FALSE,FALSE,FALSE,TRUE,TRUE,TRUE
Model_344,FALSE,FALSE,FALSE,FALSE,TRUE,TRUE,TRUE
Model_345,FALSE,FALSE,FALSE,FALSE,TRUE,TRUE,TRUE
Model_346,TRUE,FALSE,FALSE,FALSE,TRUE,TRUE,TRUE
Model_347,FALSE,FALSE,FALSE,FALSE,TRUE,TRUE,TRUE
Model_348,FALSE,FALSE,FALSE,FALSE,TRUE,TRUE,TRUE
Model_349,FALSE,FALSE,FALSE,FALSE,TRUE,TRUE,TRUE
Model_350,FALSE,FALSE,FALSE,FALSE,TRUE,TRUE,TRUE
Model_351,FALSE,FALSE,FALSE,FALSE,TRUE,TRUE,TRUE
Model_352,FALSE,FALSE,FALSE,FALSE,TRUE,TRUE,TRUE
Model_353,FALSE,FALSE,FALSE,FALSE,TRUE,TRUE,TRUE
Model_354,FALSE,FALSE,FALSE,FALSE,TRUE,FALSE,TRUE
Model_355,FALSE,FALSE,FALSE,FALSE,TRUE,TRUE,TRUE
Model_356,FALSE,FALSE,FALSE,FALSE,TRUE,TRUE,TRUE
Model_357,FALSE,FALSE,FALSE,FALSE,TRUE,TRUE,TRUE
Model_358,FALSE,FALSE,FALSE,FALSE,TRUE,TRUE,TRUE
Model_359,FALSE,FALSE,FALSE,FALSE,TRUE,TRUE,TRUE
Model_360,FALSE,FALSE,FALSE,FALSE,TRUE,TRUE,TRUE
Model_361,FALSE,FALSE,FALSE,FALSE,FALSE,FALSE,TRUE
Model_362,FALSE,FALSE,FALSE,FALSE,TRUE,TRUE,TRUE
Model_363,FALSE,FALSE,FALSE,FALSE,TRUE,TRUE,TRUE
Model_364,FALSE,FALSE,FALSE,FALSE,TRUE,TRUE,TRUE
Model_365,FALSE,FALSE,FALSE,FALSE,TRUE,TRUE,TRUE
Model_366,FALSE,FALSE,FALSE,FALSE,TRUE,TRUE,TRUE
Model_367,TRUE,FALSE,FALSE,FALSE,TRUE,TRUE,TRUE
Model_368,FALSE,FALSE,FALSE,FALSE,TRUE,TRUE,TRUE
Model_369,FALSE,FALSE,FALSE,FALSE,FALSE,FALSE,TRUE
Model_370,FALSE,FALSE,FALSE,FALSE,TRUE,FALSE,TRUE
Model_371,FALSE,FALSE,FALSE,FALSE,TRUE,TRUE,TRUE
Model_372,FALSE,FALSE,FALSE,FALSE,TRUE,TRUE,TRUE
Model_373,FALSE,FALSE,FALSE,FALSE,TRUE,TRUE,TRUE
Model_374,FALSE,FALSE,FALSE,FALSE,TRUE,TRUE,TRUE
Model_375,TRUE,FALSE,FALSE,FALSE,TRUE,TRUE,TRUE
Model_376,FALSE,FALSE,FALSE,TRUE,TRUE,FALSE,TRUE
Model_377,FALSE,FALSE,FALSE,FALSE,TRUE,TRUE,TRUE
Model_378,FALSE,FALSE,FALSE,FALSE,TRUE,FALSE,TRUE
Model_379,FALSE,FALSE,FALSE,FALSE,TRUE,TRUE,TRUE
Model_380,FALSE,FALSE,FALSE,FALSE,TRUE,TRUE,TRUE
Model_381,FALSE,FALSE,FALSE,FALSE,TRUE,TRUE,TRUE
Model_382,FALSE,FALSE,FALSE,FALSE,TRUE,TRUE,TRUE
Model_383,FALSE,FALSE,FALSE,FALSE,TRUE,FALSE,TRUE
Model_384,FALSE,FALSE,FALSE,FALSE,TRUE,TRUE,TRUE
Model_385,FALSE,FALSE,FALSE,FALSE,TRUE,TRUE,TRUE
Model_386,FALSE,FALSE,FALSE,FALSE,TRUE,TRUE,TRUE
Model_387,FALSE,FALSE,FALSE,FALSE,TRUE,TRUE,TRUE
Model_388,FALSE,FALSE,FALSE,FALSE,TRUE,TRUE,TRUE
Model_389,FALSE,FALSE,FALSE,FALSE,TRUE,TRUE,TRUE
Model_390,FALSE,FALSE,FALSE,FALSE,TRUE,TRUE,TRUE
Model_391,FALSE,FALSE,FALSE,FALSE,TRUE,TRUE,TRUE
Model_392,FALSE,FALSE,FALSE,FALSE,TRUE,TRUE,TRUE
Model_393,FALSE,FALSE,FALSE,FALSE,TRUE,TRUE,TRUE
Model_394,FALSE,FALSE,FALSE,FALSE,TRUE,TRUE,TRUE
Model_395,FALSE,FALSE,FALSE,FALSE,TRUE,TRUE,TRUE
Model_396,TRUE,FALSE,FALSE,FALSE,TRUE,TRUE,TRUE
Model_397,FALSE,FALSE,FALSE,FALSE,TRUE,TRUE,TRUE
Model_398,FALSE,FALSE,FALSE,FALSE,TRUE,TRUE,TRUE
Model_399,FALSE,FALSE,FALSE,FALSE,FALSE,FALSE,TRUE
Model_400,FALSE,FALSE,FALSE,FALSE,TRUE,TRUE,TRUE
Model_401,FALSE,FALSE,FALSE,FALSE,TRUE,TRUE,TRUE
Model_402,FALSE,FALSE,FALSE,FALSE,TRUE,TRUE,TRUE
Model_403,FALSE,FALSE,FALSE,FALSE,TRUE,TRUE,TRUE
Model_404,FALSE,FALSE,FALSE,FALSE,FALSE,FALSE,TRUE
Model_405,FALSE,FALSE,FALSE,FALSE,TRUE,TRUE,TRUE
Model_406,FALSE,FALSE,FALSE,FALSE,TRUE,TRUE,TRUE
Model_407,FALSE,FALSE,FALSE,FALSE,TRUE,TRUE,TRUE
Model_408,FALSE,FALSE,FALSE,FALSE,TRUE,TRUE,TRUE
Model_409,FALSE,FALSE,FALSE,FALSE,TRUE,TRUE,TRUE
Model_410,FALSE,FALSE,FALSE,FALSE,TRUE,TRUE,TRUE
Model_411,FALSE,FALSE,FALSE,FALSE,TRUE,FALSE,TRUE
Model_412,FALSE,FALSE,FALSE,FALSE,TRUE,TRUE,TRUE
Model_413,FALSE,FALSE,FALSE,FALSE,TRUE,TRUE,TRUE
Model_414,FALSE,FALSE,FALSE,FALSE,TRUE,TRUE,TRUE
Model_415,FALSE,FALSE,FALSE,FALSE,TRUE,TRUE,TRUE
Model_416,FALSE,FALSE,FALSE,FALSE,TRUE,FALSE,TRUE
Model_417,FALSE,FALSE,FALSE,FALSE,TRUE,TRUE,TRUE
Model_418,FALSE,FALSE,FALSE,FALSE,TRUE,TRUE,TRUE
Model_419,FALSE,FALSE,FALSE,FALSE,TRUE,TRUE,TRUE
Model_420,FALSE,FALSE,FALSE,FALSE,TRUE,TRUE,TRUE
Model_421,FALSE,FALSE,FALSE,FALSE,TRUE,TRUE,TRUE
Model_422,FALSE,FALSE,FALSE,FALSE,TRUE,TRUE,TRUE
Model_423,FALSE,FALSE,FALSE,FALSE,TRUE,TRUE,TRUE
Model_424,FALSE,TRUE,FALSE,FALSE,TRUE,TRUE,TRUE
Model_425,FALSE,FALSE,FALSE,FALSE,TRUE,TRUE,TRUE
Model_426,FALSE,FALSE,FALSE,FALSE,TRUE,TRUE,TRUE
Model_427,FALSE,FALSE,FALSE,FALSE,TRUE,TRUE,TRUE
Model_428,FALSE,FALSE,FALSE,FALSE,TRUE,TRUE,TRUE
Model_429,FALSE,FALSE,FALSE,FALSE,TRUE,TRUE,TRUE
Model_430,FALSE,FALSE,FALSE,FALSE,TRUE,TRUE,TRUE
Model_431,FALSE,FALSE,FALSE,FALSE,TRUE,TRUE,TRUE
Model_432,FALSE,FALSE,FALSE,FALSE,TRUE,FALSE,TRUE
Model_433,FALSE,FALSE,FALSE,FALSE,TRUE,FALSE,TRUE
Model_434,FALSE,FALSE,TRUE,FALSE,TRUE,TRUE,TRUE
Model_435,FALSE,FALSE,FALSE,FALSE,TRUE,TRUE,TRUE
Model_436,FALSE,FALSE,FALSE,FALSE,TRUE,TRUE,TRUE
Model_437,FALSE,FALSE,FALSE,FALSE,TRUE,TRUE,TRUE
Model_438,FALSE,FALSE,FALSE,FALSE,TRUE,TRUE,TRUE
Model_439,FALSE,FALSE,FALSE,FALSE,TRUE,TRUE,TRUE
Model_440,FALSE,FALSE,FALSE,FALSE,TRUE,TRUE,TRUE
Model_441,FALSE,FALSE,FALSE,FALSE,TRUE,FALSE,TRUE
Model_442,FALSE,FALSE,FALSE,FALSE,TRUE,TRUE,TRUE
Model_443,FALSE,FALSE,FALSE,FALSE,TRUE,TRUE,TRUE
Model_444,FALSE,FALSE,FALSE,FALSE,TRUE,TRUE,TRUE
Model_445,FALSE,FALSE,FALSE,FALSE,TRUE,TRUE,TRUE
Model_446,FALSE,FALSE,FALSE,FALSE,TRUE,TRUE,TRUE
Model_447,FALSE,FALSE,FALSE,FALSE,TRUE,TRUE,TRUE
Model_448,FALSE,FALSE,FALSE,FALSE,TRUE,TRUE,TRUE
Model_449,FALSE,FALSE,FALSE,FALSE,TRUE,TRUE,TRUE
Model_450,FALSE,FALSE,FALSE,FALSE,TRUE,TRUE,TRUE
Model_451,FALSE,FALSE,FALSE,FALSE,TRUE,TRUE,TRUE
Model_452,FALSE,FALSE,FALSE,FALSE,TRUE,TRUE,TRUE
Model_453,FALSE,FALSE,FALSE,FALSE,TRUE,TRUE,TRUE
Model_454,FALSE,FALSE,FALSE,FALSE,TRUE,TRUE,TRUE
Model_455,TRUE,FALSE,FALSE,FALSE,TRUE,TRUE,TRUE
Model_456,FALSE,FALSE,FALSE,FALSE,TRUE,TRUE,TRUE
Model_457,FALSE,FALSE,FALSE,FALSE,TRUE,TRUE,TRUE
Model_458,FALSE,FALSE,FALSE,FALSE,TRUE,TRUE,TRUE
Model_459,FALSE,FALSE,FALSE,FALSE,TRUE,TRUE,TRUE
Model_460,FALSE,FALSE,FALSE,FALSE,TRUE,TRUE,TRUE
Model_461,FALSE,FALSE,FALSE,FALSE,TRUE,TRUE,TRUE
Model_462,FALSE,FALSE,TRUE,FALSE,TRUE,TRUE,TRUE
Model_463,FALSE,FALSE,FALSE,FALSE,TRUE,TRUE,TRUE
Model_464,FALSE,FALSE,FALSE,TRUE,TRUE,TRUE,TRUE
Model_465,FALSE,TRUE,FALSE,FALSE,TRUE,TRUE,TRUE
Model_466,FALSE,FALSE,FALSE,FALSE,FALSE,FALSE,TRUE
Model_467,FALSE,FALSE,FALSE,FALSE,TRUE,TRUE,TRUE
Model_468,FALSE,TRUE,FALSE,FALSE,TRUE,TRUE,TRUE
Model_469,FALSE,FALSE,FALSE,FALSE,TRUE,TRUE,TRUE
Model_470,FALSE,FALSE,FALSE,FALSE,TRUE,TRUE,TRUE
Model_471,FALSE,FALSE,FALSE,FALSE,TRUE,TRUE,TRUE
Model_472,FALSE,FALSE,FALSE,FALSE,TRUE,FALSE,TRUE
Model_473,FALSE,FALSE,FALSE,FALSE,TRUE,TRUE,TRUE
Model_474,FALSE,FALSE,FALSE,FALSE,TRUE,TRUE,TRUE
Model_475,FALSE,FALSE,FALSE,FALSE,TRUE,TRUE,TRUE
Model_476,FALSE,FALSE,FALSE,FALSE,TRUE,TRUE,TRUE
Model_477,FALSE,FALSE,FALSE,FALSE,TRUE,TRUE,TRUE
Model_478,FALSE,FALSE,FALSE,FALSE,TRUE,TRUE,TRUE
Model_479,FALSE,FALSE,FALSE,FALSE,FALSE,FALSE,TRUE
Model_480,FALSE,FALSE,FALSE,FALSE,TRUE,TRUE,TRUE
Model_481,FALSE,FALSE,FALSE,FALSE,TRUE,TRUE,TRUE
Model_482,FALSE,FALSE,FALSE,FALSE,TRUE,TRUE,TRUE
Model_483,FALSE,FALSE,FALSE,FALSE,TRUE,TRUE,TRUE
Model_484,FALSE,FALSE,FALSE,FALSE,TRUE,TRUE,TRUE
Model_485,FALSE,FALSE,FALSE,FALSE,TRUE,TRUE,TRUE
Model_486,FALSE,FALSE,FALSE,FALSE,TRUE,TRUE,TRUE
Model_487,FALSE,FALSE,FALSE,FALSE,TRUE,TRUE,TRUE
Model_488,FALSE,FALSE,FALSE,FALSE,FALSE,FALSE,TRUE
Model_489,FALSE,FALSE,FALSE,FALSE,TRUE,TRUE,TRUE
Model_490,FALSE,FALSE,FALSE,FALSE,TRUE,TRUE,TRUE
Model_491,FALSE,FALSE,FALSE,FALSE,TRUE,TRUE,TRUE
Model_492,FALSE,FALSE,FALSE,FALSE,TRUE,TRUE,TRUE
Model_493,FALSE,FALSE,FALSE,FALSE,TRUE,TRUE,TRUE
Model_494,FALSE,FALSE,FALSE,FALSE,TRUE,TRUE,TRUE
Model_495,FALSE,FALSE,FALSE,FALSE,TRUE,TRUE,TRUE
Model_496,FALSE,FALSE,FALSE,FALSE,TRUE,TRUE,TRUE
Model_497,FALSE,FALSE,FALSE,FALSE,TRUE,FALSE,TRUE
Model_498,FALSE,TRUE,FALSE,FALSE,TRUE,TRUE,TRUE
Model_499,FALSE,FALSE,FALSE,FALSE,TRUE,TRUE,TRUE
Model_500,FALSE,FALSE,FALSE,FALSE,TRUE,TRUE,TRUE
